PepName,Inference_Result
AA,bitter
AC,bitter
AD,umami
AE,umami
AF,bitter
AG,bitter
AH,bitter
AI,bitter
AK,bitter
AL,bitter
AM,bitter
AN,umami
AP,bitter
AQ,bitter
AR,bitter
AS,bitter
AT,umami
AV,bitter
AW,bitter
AY,bitter
CA,bitter
CC,bitter
CD,umami
CE,umami
CF,bitter
CG,bitter
CH,bitter
CI,bitter
CK,bitter
CL,bitter
CM,bitter
CN,umami
CP,bitter
CQ,bitter
CR,bitter
CS,bitter
CT,bitter
CV,bitter
CW,bitter
CY,bitter
DA,umami
DC,umami
DD,umami
DE,umami
DF,bitter
DG,umami
DH,umami
DI,umami
DK,umami
DL,umami
DM,umami
DN,umami
DP,umami
DQ,umami
DR,umami
DS,umami
DT,umami
DV,umami
DW,bitter
DY,bitter
EA,umami
EC,umami
ED,umami
EE,umami
EF,bitter
EG,umami
EH,umami
EI,umami
EK,umami
EL,umami
EM,umami
EN,umami
EP,umami
EQ,umami
ER,umami
ES,umami
ET,umami
EV,umami
EW,bitter
EY,bitter
FA,bitter
FC,bitter
FD,bitter
FE,bitter
FF,bitter
FG,bitter
FH,bitter
FI,bitter
FK,bitter
FL,bitter
FM,bitter
FN,bitter
FP,bitter
FQ,bitter
FR,bitter
FS,bitter
FT,bitter
FV,bitter
FW,bitter
FY,bitter
GA,bitter
GC,bitter
GD,umami
GE,umami
GF,bitter
GG,bitter
GH,bitter
GI,bitter
GK,bitter
GL,bitter
GM,bitter
GN,umami
GP,bitter
GQ,bitter
GR,bitter
GS,bitter
GT,bitter
GV,bitter
GW,bitter
GY,bitter
HA,bitter
HC,bitter
HD,umami
HE,umami
HF,bitter
HG,bitter
HH,bitter
HI,bitter
HK,bitter
HL,bitter
HM,bitter
HN,bitter
HP,bitter
HQ,bitter
HR,bitter
HS,bitter
HT,bitter
HV,bitter
HW,bitter
HY,bitter
IA,bitter
IC,bitter
ID,umami
IE,umami
IF,bitter
IG,bitter
IH,bitter
II,bitter
IK,bitter
IL,bitter
IM,bitter
IN,bitter
IP,bitter
IQ,bitter
IR,bitter
IS,bitter
IT,bitter
IV,bitter
IW,bitter
IY,bitter
KA,bitter
KC,bitter
KD,umami
KE,umami
KF,bitter
KG,bitter
KH,bitter
KI,bitter
KK,bitter
KL,bitter
KM,bitter
KN,bitter
KP,bitter
KQ,bitter
KR,bitter
KS,bitter
KT,bitter
KV,bitter
KW,bitter
KY,bitter
LA,bitter
LC,bitter
LD,umami
LE,umami
LF,bitter
LG,bitter
LH,bitter
LI,bitter
LK,bitter
LL,bitter
LM,bitter
LN,bitter
LP,bitter
LQ,bitter
LR,bitter
LS,bitter
LT,bitter
LV,bitter
LW,bitter
LY,bitter
MA,bitter
MC,bitter
MD,umami
ME,bitter
MF,bitter
MG,bitter
MH,bitter
MI,bitter
MK,bitter
ML,bitter
MM,bitter
MN,bitter
MP,bitter
MQ,bitter
MR,bitter
MS,bitter
MT,bitter
MV,bitter
MW,bitter
MY,bitter
,bitter
NC,umami
ND,umami
NE,umami
NF,bitter
NG,bitter
NH,bitter
NI,bitter
NK,bitter
NL,bitter
NM,bitter
NN,umami
NP,bitter
NQ,umami
NR,umami
NS,umami
NT,umami
NV,bitter
NW,bitter
NY,bitter
PA,bitter
PC,bitter
PD,umami
PE,umami
PF,bitter
PG,bitter
PH,bitter
PI,bitter
PK,bitter
PL,bitter
PM,bitter
PN,bitter
PP,bitter
PQ,bitter
PR,bitter
PS,bitter
PT,bitter
PV,bitter
PW,bitter
PY,bitter
QA,bitter
QC,bitter
QD,umami
QE,umami
QF,bitter
QG,bitter
QH,bitter
QI,bitter
QK,bitter
QL,bitter
QM,bitter
QN,umami
QP,bitter
QQ,bitter
QR,bitter
QS,umami
QT,umami
QV,bitter
QW,bitter
QY,bitter
RA,bitter
RC,bitter
RD,umami
RE,umami
RF,bitter
RG,bitter
RH,bitter
RI,bitter
RK,bitter
RL,bitter
RM,bitter
RN,umami
RP,bitter
RQ,bitter
RR,bitter
RS,bitter
RT,bitter
RV,bitter
RW,bitter
RY,bitter
SA,bitter
SC,bitter
SD,umami
SE,umami
SF,bitter
SG,bitter
SH,bitter
SI,bitter
SK,bitter
SL,bitter
SM,bitter
SN,umami
SP,bitter
SQ,umami
SR,bitter
SS,umami
ST,umami
SV,bitter
SW,bitter
SY,bitter
TA,bitter
TC,bitter
TD,umami
TE,umami
TF,bitter
TG,bitter
TH,bitter
TI,bitter
TK,bitter
TL,bitter
TM,bitter
TN,umami
TP,bitter
TQ,umami
TR,bitter
TS,umami
TT,umami
TV,bitter
TW,bitter
TY,bitter
VA,bitter
VC,bitter
VD,umami
VE,umami
VF,bitter
VG,bitter
VH,bitter
VI,bitter
VK,bitter
VL,bitter
VM,bitter
VN,bitter
VP,bitter
VQ,bitter
VR,bitter
VS,bitter
VT,bitter
VV,bitter
VW,bitter
VY,bitter
WA,bitter
WC,bitter
WD,bitter
WE,bitter
WF,bitter
WG,bitter
WH,bitter
WI,bitter
WK,bitter
WL,bitter
WM,bitter
WN,bitter
WP,bitter
WQ,bitter
WR,bitter
WS,bitter
WT,bitter
WV,bitter
WW,bitter
WY,bitter
YA,bitter
YC,bitter
YD,bitter
YE,bitter
YF,bitter
YG,bitter
YH,bitter
YI,bitter
YK,bitter
YL,bitter
YM,bitter
YN,bitter
YP,bitter
YQ,bitter
YR,bitter
YS,bitter
YT,bitter
YV,bitter
YW,bitter
YY,bitter
